,accuracy,train/val/test/test2
0,0.25141664181330153,test
1,0.25082016104980615,test2
