precision,accuracy,recall,duration
0.2565666551265033,0.25082016104980615,0.25082956259426853,9671.56498670578
