,accuracy,train/val/test/test2
0,0.868421052631579,test
1,0.868421052631579,test2
