precision,accuracy,recall,duration
0.8790915915915916,0.868421052631579,0.8806686046511628,124.60347485542297
