precision,accuracy,recall,duration
0.8694096847633725,0.8625,0.8625,193.58251905441284
