,accuracy,train/val/test/test2
0,0.7474402730375427,test
1,0.7542662116040956,test2
