precision,accuracy,recall,duration
0.7566024436090225,0.7542662116040956,0.7544264281054888,3007.3117802143097
