,accuracy,train/val/test/test2
0,0.6780487804878049,test
1,0.6780487804878049,test2
