precision,accuracy,recall,duration
0.5658016682113067,0.6780487804878049,0.55049786628734,1251.7906730175018
