,accuracy,train/val/test/test2
0,0.28705882352941176,test
1,0.28705882352941176,test2
