precision,accuracy,recall,duration
0.26751396576346,0.28705882352941176,0.28075787977109135,172.50717759132385
