,accuracy,train/val/test/test2
0,0.9751286449399656,test
1,0.9745568896512292,test2
