precision,accuracy,recall,duration
0.9749451236928944,0.9745568896512292,0.9748690787954695,1808.6675198078156
