precision,accuracy,recall,duration
0.8790743021346471,0.8722222222222222,0.8722222222222223,173.15870833396912
