precision,accuracy,recall,duration
0.307154147720197,0.31529411764705884,0.3094943335186124,169.04489254951477
