precision,accuracy,recall,duration
0.03404255319148936,0.16,0.16,21528.154620170593
