precision,accuracy,recall,duration
0.5390092879256966,0.5388888888888889,0.5388888888888889,860.9279990196228
