precision,accuracy,recall,duration
0.9023428731762065,0.9,0.9,221.12290906906128
