precision,accuracy,recall,duration
0.9179377963849817,0.9166666666666666,0.9166666666666666,179.56257605552673
