precision,accuracy,recall,duration
0.785222381635581,0.7781569965870307,0.7778864970645792,883.0294454097748
