,accuracy,train/val/test/test2
0,0.13033104682373994,test
1,0.13778705636743216,test2
