precision,accuracy,recall,duration
0.13615799695166195,0.13778705636743216,0.13781612824020487,4121.4091811180115
