,accuracy,train/val/test/test2
0,0.9754145225843339,test
1,0.9751286449399656,test2
