precision,accuracy,recall,duration
0.9761081164385473,0.9751286449399656,0.975394253530278,2487.9714345932007
