,accuracy,train/val/test/test2
0,0.12794512376975842,test
1,0.1306292872054876,test2
