precision,accuracy,recall,duration
0.12979752987869292,0.1306292872054876,0.1306184012066365,4169.434674739838
