,accuracy,train/val/test/test2
0,0.13241872949597375,test
1,0.13540113331345063,test2
