precision,accuracy,recall,duration
0.13228257709800811,0.13540113331345063,0.13540285523869658,4083.9903020858765
