precision,accuracy,recall,duration
0.781123362548299,0.7781569965870307,0.7779796850246948,855.6162021160126
