,accuracy,train/val/test/test2
0,0.8421052631578947,test
1,0.881578947368421,test2
