precision,accuracy,recall,duration
0.8889137348439673,0.881578947368421,0.8914036544850499,139.5834183692932
