,accuracy,train/val/test/test2
0,0.5277777777777778,test
1,0.5333333333333333,test2
