precision,accuracy,recall,duration
0.53375,0.5333333333333333,0.5333333333333333,880.2123458385468
