,accuracy,train/val/test/test2
0,0.6731707317073171,test
1,0.6731707317073171,test2
