precision,accuracy,recall,duration
0.5806451612903225,0.6731707317073171,0.5740872451398766,1244.3749191761017
