,accuracy,train/val/test/test2
0,0.3211764705882353,test
1,0.31529411764705884,test2
