precision,accuracy,recall,duration
0.311979620397095,0.31529411764705884,0.309192498042111,171.4011652469635
