,accuracy,train/val/test/test2
0,0.26871458395466746,test
1,0.2645392186101998,test2
