precision,accuracy,recall,duration
0.26892620144708523,0.2645392186101998,0.2645550527903469,8796.659673929214
