precision,accuracy,recall,duration
0.19047619047619047,0.26666666666666666,0.26666666666666666,1258.1722314357758
