precision,accuracy,recall,duration
0.41982864137086906,0.42,0.42136854741896757,394.65526247024536
