precision,accuracy,recall,duration
0.7943270618270618,0.7888888888888889,0.7888888888888889,121.20866179466248
