,accuracy,train/val/test/test2
0,0.8901734104046243,test
1,0.9075144508670521,test2
