precision,accuracy,recall,duration
0.9135531135531136,0.9075144508670521,0.9071958637176029,11177.002746105194
