,accuracy,train/val/test/test2
0,0.9111111111111111,test
1,0.9111111111111111,test2
