precision,accuracy,recall,duration
0.9173487972795477,0.9111111111111111,0.9111111111111111,217.3749237060547
