,accuracy,train/val/test/test2
0,0.9834190966266438,test
1,0.982275586049171,test2
