precision,accuracy,recall,duration
0.9824646735937985,0.982275586049171,0.982307876994105,3155.6555054187775
