,accuracy,train/val/test/test2
0,0.2366412213740458,test
1,0.3969465648854962,test2
