precision,accuracy,recall,duration
0.3721332930635256,0.3969465648854962,0.2728515928515929,55485.198498010635
