,accuracy,train/val/test/test2
0,0.5388888888888889,test
1,0.5388888888888889,test2
