precision,accuracy,recall,duration
0.5388936905790838,0.5388888888888889,0.5388888888888889,3712.094109773636
