,accuracy,train/val/test/test2
0,0.7861271676300579,test
1,0.7630057803468208,test2
