precision,accuracy,recall,duration
0.7582815734989647,0.7630057803468208,0.7559075867771519,2016.726244688034
