,accuracy,train/val/test/test2
0,0.9078947368421053,test
1,0.9078947368421053,test2
