precision,accuracy,recall,duration
0.9157955865272939,0.9078947368421053,0.9159883720930233,99.54490518569946
