,accuracy,train/val/test/test2
0,0.757679180887372,test
1,0.726962457337884,test2
