precision,accuracy,recall,duration
0.7452325698718596,0.726962457337884,0.7264933370608517,883.6209285259247
