precision,accuracy,recall,duration
0.8070396270396271,0.8,0.8,118.5899670124054
