,accuracy,train/val/test/test2
0,0.8944444444444445,test
1,0.8888888888888888,test2
