precision,accuracy,recall,duration
0.8911810411810412,0.8888888888888888,0.888888888888889,232.89861273765564
