precision,accuracy,recall,duration
0.8770638081252651,0.86875,0.8687499999999999,185.41088819503784
