precision,accuracy,recall,duration
0.9799375441125864,0.9797026872498571,0.9798993910883329,3131.860305786133
