precision,accuracy,recall,duration
0.6096260590125621,0.7024390243902439,0.588963963963964,1256.8662338256836
