precision,accuracy,recall,duration
0.2638888888888889,0.2,0.20000000000000004,526.882066488266
