,accuracy,train/val/test/test2
0,0.5111111111111111,test
1,0.5055555555555555,test2
