precision,accuracy,recall,duration
0.5055562415112977,0.5055555555555555,0.5055555555555555,837.6734049320221
