,accuracy,train/val/test/test2
0,0.9765580331618068,test
1,0.9754145225843339,test2
