precision,accuracy,recall,duration
0.9756102516654692,0.9754145225843339,0.9754703635351533,3124.848871231079
