,accuracy,train/val/test/test2
0,0.6878048780487804,test
1,0.6682926829268293,test2
