precision,accuracy,recall,duration
0.5188087774294671,0.6682926829268293,0.5113798008534851,1250.9480574131012
