,accuracy,train/val/test/test2
0,0.3544201135442011,test
1,0.3098134630981346,test2
