precision,accuracy,recall,duration
0.28406271380988507,0.3098134630981346,0.25315199103444763,1435.509664773941
