,accuracy,train/val/test/test2
0,0.7225433526011561,test
1,0.7225433526011561,test2
