precision,accuracy,recall,duration
0.7269956336766681,0.7225433526011561,0.7245511493337581,2065.2854793071747
