precision,accuracy,recall,duration
0.9780852480852482,0.9766666666666667,0.9766666666666667,361.9575288295746
