precision,accuracy,recall,duration
0.8713540556365034,0.865625,0.8656250000000001,186.58061838150024
