,accuracy,train/val/test/test2
0,0.12705040262451536,test
1,0.13480465254995527,test2
