precision,accuracy,recall,duration
0.13365361647232515,0.13480465254995527,0.1348205829737978,4094.842310190201
