precision,accuracy,recall,duration
0.9100214023453599,0.90625,0.90625,510.08714604377747
