precision,accuracy,recall,duration
0.787016317016317,0.7888888888888889,0.7888888888888886,121.69496965408325
