,accuracy,train/val/test/test2
0,0.45555555555555555,test
1,0.45555555555555555,test2
