precision,accuracy,recall,duration
0.45553359683794464,0.45555555555555555,0.45555555555555555,852.9115295410156
