precision,accuracy,recall,duration
0.273015873015873,0.26666666666666666,0.26666666666666666,1318.7424902915955
