precision,accuracy,recall,duration
0.42857142857142855,0.4,0.4000000000000001,413.9129524230957
