precision,accuracy,recall,duration
0.1717171717171717,0.2,0.20000000000000004,489.2413477897644
