,accuracy,train/val/test/test2
0,0.7803468208092486,test
1,0.7745664739884393,test2
