precision,accuracy,recall,duration
0.7772249222269554,0.7745664739884393,0.7632875980702069,2018.974848985672
