,accuracy,train/val/test/test2
0,0.3333333333333333,test
1,0.3333333333333333,test2
