precision,accuracy,recall,duration
0.5111111111111111,0.3333333333333333,0.3333333333333333,609.8974483013153
