precision,accuracy,recall,duration
0.6051797040169133,0.7073170731707317,0.5707681365576103,1257.5647594928741
