precision,accuracy,recall,duration
0.51125,0.5111111111111111,0.5111111111111111,3655.056323289871
