precision,accuracy,recall,duration
0.5610994397759104,0.5540540540540541,0.5535714285714286,307.30613231658936
