,accuracy,train/val/test/test2
0,0.29764705882352943,test
1,0.28823529411764703,test2
