precision,accuracy,recall,duration
0.2800394880532957,0.28823529411764703,0.2827466934028253,162.68760132789612
