precision,accuracy,recall,duration
0.5712560386473431,0.57,0.5708283313325331,382.58032608032227
