,accuracy,train/val/test/test2
0,0.7303754266211604,test
1,0.7201365187713311,test2
