precision,accuracy,recall,duration
0.7284503631961259,0.7201365187713311,0.7198071009225608,874.717910528183
