,accuracy,train/val/test/test2
0,0.2499254399045631,test
1,0.23978526692514165,test2
