precision,accuracy,recall,duration
0.2418660810934486,0.23978526692514165,0.23979795853940863,9873.755069255829
