,accuracy,train/val/test/test2
0,0.689419795221843,test
1,0.7133105802047781,test2
