precision,accuracy,recall,duration
0.7133504193849021,0.7133105802047781,0.7133305376945298,3003.784389734268
