,accuracy,train/val/test/test2
0,0.5448354143019296,test
1,0.5374574347332577,test2
