precision,accuracy,recall,duration
0.5375833807332333,0.5374574347332577,0.5374574347332577,30799.945170640945
