precision,accuracy,recall,duration
0.37777777777777777,0.3333333333333333,0.3333333333333333,1313.978108406067
