precision,accuracy,recall,duration
0.8798674806726307,0.86875,0.86875,188.6910674571991
