precision,accuracy,recall,duration
0.04090909090909091,0.18,0.18,18942.366214752197
