precision,accuracy,recall,duration
0.8777035351344683,0.85625,0.85625,526.1314692497253
