precision,accuracy,recall,duration
0.5135216346153846,0.5111111111111111,0.5111111111111111,3628.1648604869843
