precision,accuracy,recall,duration
0.8688047490951929,0.85625,0.85625,181.49413967132568
