,accuracy,train/val/test/test2
0,0.39253852392538524,test
1,0.37307380373073806,test2
