precision,accuracy,recall,duration
0.32955236508951063,0.37307380373073806,0.290810743804702,1442.7714414596558
