,accuracy,train/val/test/test2
0,0.2648374589919475,test
1,0.25231136295854456,test2
