precision,accuracy,recall,duration
0.25953002612696957,0.25231136295854456,0.2523062892419938,9734.117718935013
