,accuracy,train/val/test/test2
0,0.7572254335260116,test
1,0.7456647398843931,test2
