precision,accuracy,recall,duration
0.7557168927714858,0.7456647398843931,0.7436053962140919,2098.2749450206757
