,accuracy,train/val/test/test2
0,0.978273299028016,test
1,0.9791309319611207,test2
