precision,accuracy,recall,duration
0.9793044939048674,0.9791309319611207,0.9793828045541071,1971.841072320938
