,accuracy,train/val/test/test2
0,0.5945945945945946,test
1,0.6216216216216216,test2
