precision,accuracy,recall,duration
0.6368659420289855,0.6216216216216216,0.6357142857142857,319.5677442550659
