precision,accuracy,recall,duration
0.4203131272581293,0.42,0.42056822729091636,395.0406701564789
