,accuracy,train/val/test/test2
0,0.3280616382806164,test
1,0.3171127331711273,test2
