precision,accuracy,recall,duration
0.3599927915171592,0.3171127331711273,0.2617744267951274,1442.961002588272
