,accuracy,train/val/test/test2
0,0.3475263584752636,test
1,0.28102189781021897,test2
