precision,accuracy,recall,duration
0.3126826314006293,0.28102189781021897,0.21813584391076138,1452.9392738342285
