precision,accuracy,recall,duration
0.9278455284552846,0.9210526315789473,0.9280523255813954,102.52637887001038
