,accuracy,train/val/test/test2
0,0.5337684449489217,test
1,0.5323496027241771,test2
