precision,accuracy,recall,duration
0.5342398597050096,0.5323496027241771,0.5323496027241771,30756.464523792267
