,accuracy,train/val/test/test2
0,0.7944444444444444,test
1,0.7888888888888889,test2
