precision,accuracy,recall,duration
0.8053162870268132,0.7888888888888889,0.7888888888888889,118.61131477355957
