,accuracy,train/val/test/test2
0,0.978273299028016,test
1,0.9799885648942253,test2
