precision,accuracy,recall,duration
0.980593956307076,0.9799885648942253,0.9802596120523528,2081.9840655326843
