precision,accuracy,recall,duration
0.9182401279721562,0.915625,0.915625,512.4839460849762
