precision,accuracy,recall,duration
0.9222330835234062,0.9166666666666666,0.9166666666666666,220.74204421043396
