precision,accuracy,recall,duration
0.9230295789435573,0.9222222222222223,0.9222222222222222,221.6649363040924
