,accuracy,train/val/test/test2
0,0.2412764688338801,test
1,0.23441694005368327,test2
