precision,accuracy,recall,duration
0.2434188768115003,0.23441694005368327,0.2344277245782034,9639.259919166565
