,accuracy,train/val/test/test2
0,0.9802744425385935,test
1,0.9768439108061749,test2
