precision,accuracy,recall,duration
0.9772005987903813,0.9768439108061749,0.9768788939463974,3144.6159501075745
