,accuracy,train/val/test/test2
0,0.9248554913294798,test
1,0.9248554913294798,test2
