precision,accuracy,recall,duration
0.9251916820239802,0.9248554913294798,0.9248304030912725,11215.365760564804
