precision,accuracy,recall,duration
0.21666666666666667,0.26666666666666666,0.26666666666666666,1329.3911175727844
