precision,accuracy,recall,duration
0.31666666666666665,0.26666666666666666,0.26666666666666666,1328.614270210266
