,accuracy,train/val/test/test2
0,0.9705546026300743,test
1,0.9705546026300743,test2
