precision,accuracy,recall,duration
0.9707235087530744,0.9705546026300743,0.9707585567982449,2107.3640072345734
