,accuracy,train/val/test/test2
0,0.930635838150289,test
1,0.9075144508670521,test2
