precision,accuracy,recall,duration
0.9172434068747434,0.9075144508670521,0.9050675572414703,11233.613545894623
