precision,accuracy,recall,duration
0.9071684587813621,0.9055555555555556,0.9055555555555556,183.0992934703827
