precision,accuracy,recall,duration
0.945865776789025,0.9444444444444444,0.9444444444444445,177.2938690185547
