,accuracy,train/val/test/test2
0,0.9421965317919075,test
1,0.9075144508670521,test2
