precision,accuracy,recall,duration
0.9180788287627967,0.9075144508670521,0.9060665582404713,11283.361543893814
