,accuracy,train/val/test/test2
0,0.5451191827468785,test
1,0.5414301929625426,test2
