precision,accuracy,recall,duration
0.5415115408447795,0.5414301929625426,0.5414301929625426,30695.282996177673
