precision,accuracy,recall,duration
0.8793219317760474,0.8777777777777778,0.8777777777777778,176.60764813423157
