precision,accuracy,recall,duration
0.9136447363394555,0.903125,0.903125,510.0208330154419
