precision,accuracy,recall,duration
0.8879394034881839,0.88125,0.8812500000000001,496.60952973365784
