precision,accuracy,recall,duration
0.8778381642512078,0.868421052631579,0.8811046511627907,134.96016883850098
