,accuracy,train/val/test/test2
0,0.8355263157894737,test
1,0.8355263157894737,test2
