precision,accuracy,recall,duration
0.841471273824215,0.8355263157894737,0.8480848153214775,117.90637612342834
