,accuracy,train/val/test/test2
0,0.7167630057803468,test
1,0.7341040462427746,test2
