precision,accuracy,recall,duration
0.7654071583773546,0.7341040462427746,0.726087406956972,2014.9585688114166
