precision,accuracy,recall,duration
0.8780365769496203,0.868421052631579,0.8811046511627907,122.1054151058197
