,accuracy,train/val/test/test2
0,0.9797026872498571,test
1,0.9791309319611207,test2
