precision,accuracy,recall,duration
0.9796314230007788,0.9791309319611207,0.9793590223661459,3144.902417898178
