,accuracy,train/val/test/test2
0,0.6723549488054608,test
1,0.6621160409556314,test2
