precision,accuracy,recall,duration
0.6643935818782445,0.6621160409556314,0.6623101295312646,3005.0704538822174
