,accuracy,train/val/test/test2
0,0.7474402730375427,test
1,0.7303754266211604,test2
