precision,accuracy,recall,duration
0.7372669613684413,0.7303754266211604,0.7300810735253005,2997.958840608597
