,accuracy,train/val/test/test2
0,0.9132947976878613,test
1,0.9132947976878613,test2
