,accuracy,train/val/test/test2
0,0.5222222222222223,test
1,0.5111111111111111,test2
