,accuracy,train/val/test/test2
0,0.8277777777777777,test
1,0.8388888888888889,test2
