precision,accuracy,recall,duration
0.8439271839271839,0.8388888888888889,0.8388888888888888,127.72581577301025
