precision,accuracy,recall,duration
0.034782608695652174,0.16,0.16,21646.72398328781
