,accuracy,train/val/test/test2
0,0.5405405405405406,test
1,0.5945945945945946,test2
