precision,accuracy,recall,duration
0.588763197586727,0.5945945945945946,0.5857142857142857,319.72129464149475
