,accuracy,train/val/test/test2
0,0.8618421052631579,test
1,0.8618421052631579,test2
