precision,accuracy,recall,duration
0.8758228291316527,0.8618421052631579,0.8752906976744186,103.22252583503723
