precision,accuracy,recall,duration
0.4736293859649123,0.4864864864864865,0.49404761904761907,317.34893584251404
