,accuracy,train/val/test/test2
0,0.8947368421052632,test
1,0.8881578947368421,test2
