precision,accuracy,recall,duration
0.8941134328068233,0.8881578947368421,0.898546511627907,103.38418436050415
