,accuracy,train/val/test/test2
0,0.131225767968983,test
1,0.13241872949597375,test2
