precision,accuracy,recall,duration
0.12745314935142119,0.13241872949597375,0.13241783296502863,4171.174834012985
