,accuracy,train/val/test/test2
0,0.2988235294117647,test
1,0.30117647058823527,test2
