precision,accuracy,recall,duration
0.30224281252219587,0.30117647058823527,0.2944830624922241,156.3211886882782
