precision,accuracy,recall,duration
0.8956993666295993,0.8881578947368421,0.8970075239398085,101.82654213905334
