precision,accuracy,recall,duration
0.4921875,0.49,0.4927971188475391,389.31310057640076
