,accuracy,train/val/test/test2
0,0.5675675675675675,test
1,0.5540540540540541,test2
