precision,accuracy,recall,duration
0.5593167701863353,0.5540540540540541,0.5773809523809523,322.4561219215393
