,accuracy,train/val/test/test2
0,0.7781569965870307,test
1,0.7781569965870307,test2
