precision,accuracy,recall,duration
0.7840238095238095,0.7781569965870307,0.7779097940546081,871.6395628452301
