,accuracy,train/val/test/test2
0,0.4140308191403082,test
1,0.38321167883211676,test2
