precision,accuracy,recall,duration
0.3221262901421638,0.38321167883211676,0.27068101762835595,1459.4184067249298
