,accuracy,train/val/test/test2
0,0.5166666666666667,test
1,0.5166666666666667,test2
