precision,accuracy,recall,duration
0.5166687245338931,0.5166666666666667,0.5166666666666666,895.2466726303101
