precision,accuracy,recall,duration
0.5191919191919192,0.52,0.5190076030412165,384.2810878753662
