,accuracy,train/val/test/test2
0,0.7815699658703071,test
1,0.757679180887372,test2
