precision,accuracy,recall,duration
0.7603990212685865,0.757679180887372,0.7578510856397354,2995.043142080307
